{
  "1、登陆" : {
    "transaction" : "1、登陆",
    "sampleCount" : 1,
    "errorCount" : 0,
    "errorPct" : 0.0,
    "meanResTime" : 367.0,
    "minResTime" : 367.0,
    "maxResTime" : 367.0,
    "pct1ResTime" : 367.0,
    "pct2ResTime" : 367.0,
    "pct3ResTime" : 367.0,
    "throughput" : 2.7247956403269753,
    "receivedKBytesPerSec" : 3.7492549386920984,
    "sentKBytesPerSec" : 0.7796534400544959
  },
  "5、添加标签99" : {
    "transaction" : "5、添加标签99",
    "sampleCount" : 99,
    "errorCount" : 0,
    "errorPct" : 0.0,
    "meanResTime" : 95.14141414141417,
    "minResTime" : 83.0,
    "maxResTime" : 154.0,
    "pct1ResTime" : 99.0,
    "pct2ResTime" : 104.0,
    "pct3ResTime" : 154.0,
    "throughput" : 10.478408128704487,
    "receivedKBytesPerSec" : 3.5610215124894156,
    "sentKBytesPerSec" : 8.839916516723116
  },
  "3、发布" : {
    "transaction" : "3、发布",
    "sampleCount" : 1,
    "errorCount" : 0,
    "errorPct" : 0.0,
    "meanResTime" : 84.0,
    "minResTime" : 84.0,
    "maxResTime" : 84.0,
    "pct1ResTime" : 84.0,
    "pct2ResTime" : 84.0,
    "pct3ResTime" : 84.0,
    "throughput" : 11.904761904761903,
    "receivedKBytesPerSec" : 13.54399181547619,
    "sentKBytesPerSec" : 17.624627976190474
  },
  "Total" : {
    "transaction" : "Total",
    "sampleCount" : 104,
    "errorCount" : 0,
    "errorPct" : 0.0,
    "meanResTime" : 99.11538461538461,
    "minResTime" : 25.0,
    "maxResTime" : 367.0,
    "pct1ResTime" : 101.0,
    "pct2ResTime" : 117.25,
    "pct3ResTime" : 367.0,
    "throughput" : 10.402080416083216,
    "receivedKBytesPerSec" : 3.957529787207442,
    "sentKBytesPerSec" : 8.768159881976397
  },
  "登陆2" : {
    "transaction" : "登陆2",
    "sampleCount" : 1,
    "errorCount" : 0,
    "errorPct" : 0.0,
    "meanResTime" : 367.0,
    "minResTime" : 367.0,
    "maxResTime" : 367.0,
    "pct1ResTime" : 367.0,
    "pct2ResTime" : 367.0,
    "pct3ResTime" : 367.0,
    "throughput" : 2.7247956403269753,
    "receivedKBytesPerSec" : 3.7492549386920984,
    "sentKBytesPerSec" : 0.6758770435967303
  },
  "4、新增设备" : {
    "transaction" : "4、新增设备",
    "sampleCount" : 1,
    "errorCount" : 0,
    "errorPct" : 0.0,
    "meanResTime" : 46.0,
    "minResTime" : 46.0,
    "maxResTime" : 46.0,
    "pct1ResTime" : 46.0,
    "pct2ResTime" : 46.0,
    "pct3ResTime" : 46.0,
    "throughput" : 21.73913043478261,
    "receivedKBytesPerSec" : 19.44633152173913,
    "sentKBytesPerSec" : 21.866508152173914
  },
  "2、新增产品" : {
    "transaction" : "2、新增产品",
    "sampleCount" : 1,
    "errorCount" : 0,
    "errorPct" : 0.0,
    "meanResTime" : 25.0,
    "minResTime" : 25.0,
    "maxResTime" : 25.0,
    "pct1ResTime" : 25.0,
    "pct2ResTime" : 25.0,
    "pct3ResTime" : 25.0,
    "throughput" : 40.0,
    "receivedKBytesPerSec" : 45.546875,
    "sentKBytesPerSec" : 44.9609375
  }
}