{
  "1、登陆" : {
    "transaction" : "1、登陆",
    "sampleCount" : 1,
    "errorCount" : 0,
    "errorPct" : 0.0,
    "meanResTime" : 371.0,
    "minResTime" : 371.0,
    "maxResTime" : 371.0,
    "pct1ResTime" : 371.0,
    "pct2ResTime" : 371.0,
    "pct3ResTime" : 371.0,
    "throughput" : 2.6954177897574128,
    "receivedKBytesPerSec" : 3.708831704851752,
    "sentKBytesPerSec" : 0.7712474730458221
  },
  "5、添加标签99" : {
    "transaction" : "5、添加标签99",
    "sampleCount" : 99,
    "errorCount" : 0,
    "errorPct" : 0.0,
    "meanResTime" : 94.01010101010101,
    "minResTime" : 88.0,
    "maxResTime" : 119.0,
    "pct1ResTime" : 98.0,
    "pct2ResTime" : 102.0,
    "pct3ResTime" : 119.0,
    "throughput" : 10.607521697203472,
    "receivedKBytesPerSec" : 3.604899951783992,
    "sentKBytesPerSec" : 8.949154713114753
  },
  "3、发布" : {
    "transaction" : "3、发布",
    "sampleCount" : 1,
    "errorCount" : 0,
    "errorPct" : 0.0,
    "meanResTime" : 23.0,
    "minResTime" : 23.0,
    "maxResTime" : 23.0,
    "pct1ResTime" : 23.0,
    "pct2ResTime" : 23.0,
    "pct3ResTime" : 23.0,
    "throughput" : 43.47826086956522,
    "receivedKBytesPerSec" : 49.422554347826086,
    "sentKBytesPerSec" : 64.3257472826087
  },
  "Total" : {
    "transaction" : "Total",
    "sampleCount" : 104,
    "errorCount" : 0,
    "errorPct" : 0.0,
    "meanResTime" : 97.7596153846154,
    "minResTime" : 23.0,
    "maxResTime" : 371.0,
    "pct1ResTime" : 99.0,
    "pct2ResTime" : 103.0,
    "pct3ResTime" : 371.0,
    "throughput" : 10.558375634517766,
    "receivedKBytesPerSec" : 4.01679489213198,
    "sentKBytesPerSec" : 8.90000396573604
  },
  "登陆2" : {
    "transaction" : "登陆2",
    "sampleCount" : 1,
    "errorCount" : 0,
    "errorPct" : 0.0,
    "meanResTime" : 371.0,
    "minResTime" : 371.0,
    "maxResTime" : 371.0,
    "pct1ResTime" : 371.0,
    "pct2ResTime" : 371.0,
    "pct3ResTime" : 371.0,
    "throughput" : 2.6954177897574128,
    "receivedKBytesPerSec" : 3.708831704851752,
    "sentKBytesPerSec" : 0.6685899595687331
  },
  "4、新增设备" : {
    "transaction" : "4、新增设备",
    "sampleCount" : 1,
    "errorCount" : 0,
    "errorPct" : 0.0,
    "meanResTime" : 62.0,
    "minResTime" : 62.0,
    "maxResTime" : 62.0,
    "pct1ResTime" : 62.0,
    "pct2ResTime" : 62.0,
    "pct3ResTime" : 62.0,
    "throughput" : 16.129032258064516,
    "receivedKBytesPerSec" : 14.427923387096774,
    "sentKBytesPerSec" : 16.223538306451612
  },
  "2、新增产品" : {
    "transaction" : "2、新增产品",
    "sampleCount" : 1,
    "errorCount" : 0,
    "errorPct" : 0.0,
    "meanResTime" : 33.0,
    "minResTime" : 33.0,
    "maxResTime" : 33.0,
    "pct1ResTime" : 33.0,
    "pct2ResTime" : 33.0,
    "pct3ResTime" : 33.0,
    "throughput" : 30.303030303030305,
    "receivedKBytesPerSec" : 34.47561553030303,
    "sentKBytesPerSec" : 34.031723484848484
  }
}